https://letterboxd.com/film/1982-2019-1/,ok,0
https://letterboxd.com/film/que-hermanita/,ok,14
https://letterboxd.com/film/secuestro-sensacional/,ok,16
https://letterboxd.com/film/segundos-afuera/,ok,21
https://letterboxd.com/film/tango-1933-1/,ok,16
https://letterboxd.com/film/donde-estas-amor-de-mi-vida-que-no-te-puedo-encontrar/,ok,29
https://letterboxd.com/film/involuntary-retirements/,ok,0
https://letterboxd.com/film/10-palomas/,ok,12
https://letterboxd.com/film/24-horas-algo-esta-por-explotar/,ok,37
https://letterboxd.com/film/5-pal-peso/,ok,7
https://letterboxd.com/film/a-devil-with-harpoon/,ok,0
https://letterboxd.com/film/a-flower-in-the-mud/,ok,11
https://letterboxd.com/film/a-house-without-curtains/,ok,25
https://letterboxd.com/film/a-mysterious-world/,ok,8
https://letterboxd.com/film/a-night-with-sabrina-love/,ok,13
https://letterboxd.com/film/a-ravaging-wind/,ok,4
https://letterboxd.com/film/a-red-bear/,ok,13
https://letterboxd.com/film/a-taste-of-blood-2020/,ok,9
https://letterboxd.com/film/a-wall-of-silence/,ok,33
https://letterboxd.com/film/aballay-the-man-without-fear/,ok,14
https://letterboxd.com/film/aborigen/,ok,0
https://letterboxd.com/film/about-12/,ok,29
https://letterboxd.com/film/about-thirty/,ok,38
https://letterboxd.com/film/abuse-of-trust/,ok,19
https://letterboxd.com/film/aconcagua/,ok,7
https://letterboxd.com/film/adan-y-la-serpiente/,ok,16
https://letterboxd.com/film/adolescence-1942/,ok,16
https://letterboxd.com/film/aire-libre/,ok,11
https://letterboxd.com/film/alamos-talados/,ok,8
https://letterboxd.com/film/alejandra-1956/,ok,21
https://letterboxd.com/film/alemania-2023/,ok,18
https://letterboxd.com/film/alias-gardelito/,ok,14
https://letterboxd.com/film/amalia-1914/,ok,15
https://letterboxd.com/film/amante-para-dos/,ok,20
https://letterboxd.com/film/an-odd-turn/,ok,18
https://letterboxd.com/film/ana-and-the-others/,ok,5
https://letterboxd.com/film/ananke-1974/,ok,0
https://letterboxd.com/film/andres-doesnt-want-to-take-a-nap/,ok,54
https://letterboxd.com/film/aniceto/,ok,3
https://letterboxd.com/film/another-cursed-movie/,ok,45
https://letterboxd.com/film/antarktis/,ok,0
https://letterboxd.com/film/arrabalera-1950/,ok,17
https://letterboxd.com/film/arroz-con-leche/,ok,41
https://letterboxd.com/film/ashes-of-paradise/,ok,31
https://letterboxd.com/film/asi-es-buenos-aires/,ok,12
https://letterboxd.com/film/asi-es-la-vida-1939/,ok,14
https://letterboxd.com/film/asi-no-hay-cama-que-aguante/,ok,23
https://letterboxd.com/film/asi-o-de-otra-manera/,ok,9
https://letterboxd.com/film/assault-and-rape-on-69th-street/,ok,6
https://letterboxd.com/film/at-last-the-day/,ok,3
https://letterboxd.com/film/avivato-el-rey-de-los-vivos/,ok,25
https://letterboxd.com/film/ayudame-a-vivir/,ok,10
https://letterboxd.com/film/badur-hogar/,ok,6
https://letterboxd.com/film/baixo-erotism/,ok,4
https://letterboxd.com/film/bajo-el-signo-de-la-patria/,ok,18
https://letterboxd.com/film/balnearios/,ok,22
https://letterboxd.com/film/beatriz-portinari-a-documentary-on-aurora-venturini/,ok,0
https://letterboxd.com/film/becquers-great-love/,ok,10
https://letterboxd.com/film/betibu/,ok,8
https://letterboxd.com/film/between-two-lights-suarez-first-part/,ok,5
https://letterboxd.com/film/bewitching-kisses/,ok,8
https://letterboxd.com/film/beyond-oblivion/,ok,19
https://letterboxd.com/film/beyond-the-sun-1975/,ok,20
https://letterboxd.com/film/blessed-by-fire/,ok,10
https://letterboxd.com/film/blue-boy-2019/,ok,0
https://letterboxd.com/film/bolivia/,ok,15
https://letterboxd.com/film/boogie/,ok,24
https://letterboxd.com/film/broken-2023-2/,ok,16
https://letterboxd.com/film/bruma-en-el-riachuelo/,ok,16
https://letterboxd.com/film/buenos-aires-viceversa/,ok,39
https://letterboxd.com/film/burnt-money/,ok,14
https://letterboxd.com/film/butterfly-2015/,ok,17
https://letterboxd.com/film/camila/,ok,36
https://letterboxd.com/film/camp-crasher/,ok,40
https://letterboxd.com/film/canada/,ok,2
https://letterboxd.com/film/candida-1939/,ok,11
https://letterboxd.com/film/candida-millonaria/,ok,28
https://letterboxd.com/film/carnal-sins-2023/,ok,30
https://letterboxd.com/film/carnaval-de-antano/,ok,14
https://letterboxd.com/film/carne-viva-2007/,ok,1
https://letterboxd.com/film/carta-a-una-senorita-en-paris/,ok,1
https://letterboxd.com/film/casas-de-fuego/,ok,39
https://letterboxd.com/film/catita-is-a-lady/,ok,14
https://letterboxd.com/film/cautiva/,ok,18
https://letterboxd.com/film/cazador-la-pelicula/,ok,182
https://letterboxd.com/film/chile-76/,ok,48
https://letterboxd.com/film/chino-basic-un-viaje-informatico/,ok,3
https://letterboxd.com/film/chronicle-of-an-escape/,ok,19
https://letterboxd.com/film/cien-veces-no-debo/,ok,11
https://letterboxd.com/film/cinco-gallinas-y-el-cielo/,ok,17
https://letterboxd.com/film/cinicos/,ok,5
https://letterboxd.com/film/cita-en-las-estrellas/,ok,10
https://letterboxd.com/film/citizen-langlois/,ok,0
https://letterboxd.com/film/clementina-2022/,ok,10
https://letterboxd.com/film/clorindo-testa/,ok,21
https://letterboxd.com/film/color-escondido/,ok,11
https://letterboxd.com/film/commissioner-ferro/,ok,21
https://letterboxd.com/film/common-ground-2002/,ok,18
https://letterboxd.com/film/como-el-mar/,ok,8
https://letterboxd.com/film/como-se-hizo-la-hora-de-los-hornos-2007/,ok,1
https://letterboxd.com/film/con-alma-y-vida/,ok,40
https://letterboxd.com/film/construccion-de-una-ciudad/,ok,6
https://letterboxd.com/film/copacabana-2006/,ok,0
https://letterboxd.com/film/corazon-las-alegrias-de-pantriste/,ok,5
https://letterboxd.com/film/corsini-sings-blomberg-maciel/,ok,13
https://letterboxd.com/film/cortazar-instrucciones-de-montaje-i/,ok,4
https://letterboxd.com/film/cortazar-instrucciones-de-montaje-ii/,ok,0
https://letterboxd.com/film/cosimi/,ok,6
https://letterboxd.com/film/coup-de-grace-1969/,ok,17
https://letterboxd.com/film/cowboy-2011/,ok,39
https://letterboxd.com/film/crane-world/,ok,18
https://letterboxd.com/film/crimen-en-el-hotel-alojamiento/,ok,7
https://letterboxd.com/film/cuarentena-exil-und-ruckkehr/,ok,1
https://letterboxd.com/film/cuatro-corazones/,ok,18
https://letterboxd.com/film/cuesta-abajo/,ok,10
https://letterboxd.com/film/culpa-cero/,ok,36
https://letterboxd.com/film/cump4rsit4/,ok,0
https://letterboxd.com/film/dale-nomas/,ok,13
https://letterboxd.com/film/dalia-1/,ok,3
https://letterboxd.com/film/dar-la-cara/,ok,28
https://letterboxd.com/film/de-la-misteriosa-buenos-aires/,ok,15
https://letterboxd.com/film/descent-into-hell-1954/,ok,23
https://letterboxd.com/film/detective-1954/,ok,5
https://letterboxd.com/film/deus-irae-2023/,ok,15
https://letterboxd.com/film/devil-in-the-flesh-1947-1/,ok,18
https://letterboxd.com/film/diapason-1986/,ok,7
https://letterboxd.com/film/dibu-la-pelicula/,ok,24
https://letterboxd.com/film/dignity-of-the-nobodies/,ok,0
https://letterboxd.com/film/divorce-in-montevideo/,ok,10
https://letterboxd.com/film/do-you-swim/,ok,16
https://letterboxd.com/film/dog-lady/,ok,1
https://letterboxd.com/film/doli-goes-home/,ok,8
https://letterboxd.com/film/don-juan-2019/,ok,0
https://letterboxd.com/film/dont-tell-me-goodbye/,ok,14
https://letterboxd.com/film/donde-comienzan-los-pantanos/,ok,12
https://letterboxd.com/film/dopler/,ok,0
https://letterboxd.com/film/dromomanos/,ok,6
https://letterboxd.com/film/edad-dificil/,ok,17
https://letterboxd.com/film/el-adios-del-unitario/,ok,2
https://letterboxd.com/film/el-alma-del-bandoneon/,ok,13
https://letterboxd.com/film/el-almuerzo/,ok,12
https://letterboxd.com/film/el-beso-del-olvido/,ok,16
https://letterboxd.com/film/el-buho/,ok,8
https://letterboxd.com/film/el-caballo-del-pueblo/,ok,14
https://letterboxd.com/film/el-calavera/,ok,14
https://letterboxd.com/film/el-caso-maria-soledad/,ok,14
https://letterboxd.com/film/el-ciclo/,ok,8
https://letterboxd.com/film/el-coso/,ok,2
https://letterboxd.com/film/el-crack-1960/,ok,22
https://letterboxd.com/film/el-deseo-1944/,ok,13
https://letterboxd.com/film/el-dinero-de-dios/,ok,14
https://letterboxd.com/film/el-entretenedor/,ok,2
https://letterboxd.com/film/el-espejo-1943/,ok,14
https://letterboxd.com/film/el-familiar/,ok,10
https://letterboxd.com/film/el-gran-simulador/,ok,5
https://letterboxd.com/film/el-habilitado/,ok,8
https://letterboxd.com/film/el-hombre-de-la-deuda-externa/,ok,17
https://letterboxd.com/film/el-hombre-que-debia-una-muerte/,ok,25
https://letterboxd.com/film/el-hombre-virgen/,ok,20
https://letterboxd.com/film/el-jugador/,ok,9
https://letterboxd.com/film/el-mas-infeliz-del-pueblo/,ok,19
https://letterboxd.com/film/el-mejor-papa-del-mundo/,ok,12
https://letterboxd.com/film/el-nacimiento-de-un-libro/,ok,4
https://letterboxd.com/film/el-perseguidor-1965/,ok,9
https://letterboxd.com/film/el-prontuario-del-senor-k/,ok,6
https://letterboxd.com/film/el-renidero/,ok,14
https://letterboxd.com/film/el-retrato/,ok,15
https://letterboxd.com/film/el-salame/,ok,21
https://letterboxd.com/film/el-senor-galindez/,ok,14
https://letterboxd.com/film/el-sueno-del-perro/,ok,7
https://letterboxd.com/film/el-tren-blanco/,ok,0
https://letterboxd.com/film/el-viaje-1942/,ok,14
https://letterboxd.com/film/el-viaje-2020/,ok,0
https://letterboxd.com/film/el-viajero-sin-equipaje/,ok,7
https://letterboxd.com/film/el-visitante/,ok,10
https://letterboxd.com/film/elementary-training-for-actors/,ok,5
https://letterboxd.com/film/ellos-nos-hicieron-asi/,ok,15
https://letterboxd.com/film/elsa-fred/,ok,17
https://letterboxd.com/film/elvira-fernandez-vendedora-de-tienda/,ok,15
https://letterboxd.com/film/in-the-name-of-the-son-1987/,ok,2
https://letterboxd.com/film/en-el-ultimo-piso/,ok,23
https://letterboxd.com/film/en-tierras-nuevas-donde-el-oro-abunda/,ok,0
https://letterboxd.com/film/encarnacion/,ok,9
https://letterboxd.com/film/ensayo-final/,ok,7
https://letterboxd.com/film/esposa-ultimo-modelo/,ok,24
https://letterboxd.com/film/esta-es-mi-vida/,ok,17
https://letterboxd.com/film/every-stewardess-goes-to-heaven/,ok,8
https://letterboxd.com/film/evil-woman-2013/,ok,11
https://letterboxd.com/film/extraordinary-stories/,ok,98
https://letterboxd.com/film/facundo-la-sombra-del-tigre/,ok,12
https://letterboxd.com/film/fangio-el-demonio-de-las-pistas/,ok,11
https://letterboxd.com/film/fantasma/,ok,5
https://letterboxd.com/film/fascination-1949/,ok,9
https://letterboxd.com/film/felicitas/,ok,11
https://letterboxd.com/film/feminine-wiles/,ok,21
https://letterboxd.com/film/filomena-marturano-1950/,ok,23
https://letterboxd.com/film/fine-powder/,ok,18
https://letterboxd.com/film/first-snow-2006/,ok,2
https://letterboxd.com/film/flores-robadas-en-los-jardines-de-quilmes/,ok,38
https://letterboxd.com/film/france-2010/,ok,10
https://letterboxd.com/film/from-man-to-man/,ok,14
https://letterboxd.com/film/funes-a-great-love/,ok,22
https://letterboxd.com/film/garage-olimpo/,ok,16
https://letterboxd.com/film/gemini-2005/,ok,25
https://letterboxd.com/film/germania/,ok,40
https://letterboxd.com/film/glue/,ok,6
https://letterboxd.com/film/god-bless-you/,ok,15
https://letterboxd.com/film/gogol-16/,ok,7
https://letterboxd.com/film/gone-fishing/,ok,8
https://letterboxd.com/film/good-life-delivery/,ok,12
https://letterboxd.com/film/good-night-buenos-aires/,ok,25
https://letterboxd.com/film/goodbye-dear-moon/,ok,6
https://letterboxd.com/film/gotan/,ok,6
https://letterboxd.com/film/graciadio/,ok,9
https://letterboxd.com/film/guacho-1954/,ok,20
https://letterboxd.com/film/habeas-corpus-1986/,ok,3
https://letterboxd.com/film/hardly-a-criminal/,ok,22
https://letterboxd.com/film/havfruen-om-bord/,ok,4
https://letterboxd.com/film/herbaria/,ok,3
https://letterboxd.com/film/hermanos-1939/,ok,7
https://letterboxd.com/film/hierba/,ok,6
https://letterboxd.com/film/hijo-de-hombre/,ok,18
https://letterboxd.com/film/historia-de-un-gaucho-viejo/,ok,1
https://letterboxd.com/film/historia-de-una-carta/,ok,16
https://letterboxd.com/film/historia-universal/,ok,4
https://letterboxd.com/film/historias-breves-0-vertigos-o-contemplacion-de-algo-que-cae/,ok,10
https://letterboxd.com/film/historias-breves-i-downhill/,ok,2
https://letterboxd.com/film/histories-from-argentina-en-vivo/,ok,13
https://letterboxd.com/film/hombres-a-precio/,ok,18
https://letterboxd.com/film/homenaje-a-oprah-winf/,ok,0
https://letterboxd.com/film/horizontal-vertical/,ok,20
https://letterboxd.com/film/horizontes-de-piedra/,ok,10
https://letterboxd.com/film/i-wont-go-back-home/,ok,7
https://letterboxd.com/film/i-the-worst-of-all/,ok,44
https://letterboxd.com/film/im-a-girl-im-a-princess/,ok,22
https://letterboxd.com/film/ico-the-brave-horse/,ok,4
https://letterboxd.com/film/idolos-de-buenos-aires/,ok,10
https://letterboxd.com/film/if-i-should-die-before-i-wake-1952/,ok,9
https://letterboxd.com/film/if-i-were-rich/,ok,16
https://letterboxd.com/film/film:604377/,ok,14
https://letterboxd.com/film/in-the-hell-of-chaco/,ok,3
https://letterboxd.com/film/in-the-open/,ok,5
https://letterboxd.com/film/intervened-events/,ok,0
https://letterboxd.com/film/intimate-stories/,ok,43
https://letterboxd.com/film/into-the-abyss-2022/,ok,7
https://letterboxd.com/film/its-your-fault/,ok,9
https://letterboxd.com/film/iv-eden/,ok,2
https://letterboxd.com/film/jauja/,ok,10
https://letterboxd.com/film/jesus-lopez/,ok,14
https://letterboxd.com/film/jettatore/,ok,16
https://letterboxd.com/film/johny-tolengo-el-majestuoso/,ok,10
https://letterboxd.com/film/journey-through-the-body/,ok,5
https://letterboxd.com/film/joven-viuda-y-estanciera/,ok,16
https://letterboxd.com/film/juan-as-if-nothing-ever-happened/,ok,12
https://letterboxd.com/film/kairos-2010/,ok,0
https://letterboxd.com/film/karnawal/,ok,27
https://letterboxd.com/film/kekszakallu/,ok,7
https://letterboxd.com/film/kindergarten-1989/,ok,14
https://letterboxd.com/film/konstruktion-argentina/,ok,0
https://letterboxd.com/film/kosice-hidroespacial/,ok,5
https://letterboxd.com/film/la-barra-mendocina/,ok,14
https://letterboxd.com/film/la-busqueda/,ok,13
https://letterboxd.com/film/la-casa-de-los-millones/,ok,37
https://letterboxd.com/film/la-casa-de-palos/,ok,6
https://letterboxd.com/film/la-casa-del-amor/,ok,11
https://letterboxd.com/film/la-chismosa/,ok,18
https://letterboxd.com/film/la-cienaga/,ok,20
https://letterboxd.com/film/la-cruz/,ok,7
https://letterboxd.com/film/la-dama-del-collar/,ok,15
https://letterboxd.com/film/la-danza-de-la-fortuna/,ok,11
https://letterboxd.com/film/la-discoteca-del-amor/,ok,24
https://letterboxd.com/film/la-fiesta-de-todos/,ok,42
https://letterboxd.com/film/la-flor/,ok,52
https://letterboxd.com/film/la-frontera-olvidada/,ok,5
https://letterboxd.com/film/la-historia-del-tango/,ok,10
https://letterboxd.com/film/la-honra-de-los-hombres/,ok,13
https://letterboxd.com/film/la-leyenda/,ok,8
https://letterboxd.com/film/la-libertad/,ok,5
https://letterboxd.com/film/la-madre-maria/,ok,32
https://letterboxd.com/film/la-maestrita-de-los-obreros/,ok,18
https://letterboxd.com/film/la-mary/,ok,31
https://letterboxd.com/film/la-modelo-y-la-estrella/,ok,8
https://letterboxd.com/film/la-mosca-en-la-ceniza/,ok,11
https://letterboxd.com/film/la-muerte-de-sebastian-arache-y-su-pobre-entierro/,ok,23
https://letterboxd.com/film/la-muerte-en-las-calles/,ok,15
https://letterboxd.com/film/la-muerte-esta-mintiendo/,ok,17
https://letterboxd.com/film/la-navidad-de-ofelia-y-galvan/,ok,0
https://letterboxd.com/film/la-pieza-de-franz/,ok,0
https://letterboxd.com/film/la-que-no-perdono/,ok,15
https://letterboxd.com/film/la-quena-de-la-muerte/,ok,5
https://letterboxd.com/film/la-rubia-mireya/,ok,11
https://letterboxd.com/film/la-sentencia/,ok,10
https://letterboxd.com/film/la-trampa/,ok,13
https://letterboxd.com/film/la-venus-maldita/,ok,7
https://letterboxd.com/film/la-vida-es-un-tango/,ok,12
https://letterboxd.com/film/lai/,ok,5
https://letterboxd.com/film/las-campanas-de-teresa/,ok,8
https://letterboxd.com/film/las-mariposas-de-sadourni/,ok,3
https://letterboxd.com/film/las-pibas/,ok,8
https://letterboxd.com/film/las-sonambulas/,ok,3
https://letterboxd.com/film/las-tres-ratas/,ok,15
https://letterboxd.com/film/las-venganzas-de-beto-sanchez/,ok,8
https://letterboxd.com/film/ley-primera/,ok,6
https://letterboxd.com/film/linda-2024/,ok,6
https://letterboxd.com/film/lions-den-2008/,ok,9
https://letterboxd.com/film/lions-heart/,ok,15
https://letterboxd.com/film/little-adventurers/,ok,7
https://letterboxd.com/film/liverpool/,ok,3
https://letterboxd.com/film/llavallol/,ok,2
https://letterboxd.com/film/lo-que-vendra/,ok,29
https://letterboxd.com/film/lock-charmer/,ok,24
https://letterboxd.com/film/los-acusados/,ok,7
https://letterboxd.com/film/los-arboles-mueren-de-pie-1951/,ok,18
https://letterboxd.com/film/los-chantas/,ok,25
https://letterboxd.com/film/los-globos/,ok,5
https://letterboxd.com/film/los-justos/,ok,9
https://letterboxd.com/film/los-muertos-2004/,ok,17
https://letterboxd.com/film/los-ojos-llenos-de-amor/,ok,7
https://letterboxd.com/film/los-orilleros/,ok,15
https://letterboxd.com/film/los-pulpos/,ok,11
https://letterboxd.com/film/los-superagentes-contra-los-fantasmas/,ok,15
https://letterboxd.com/film/los-timidos-visten-de-gris/,ok,9
https://letterboxd.com/film/los-traidores-de-san-angel/,ok,25
https://letterboxd.com/film/los-tres-berretines/,ok,13
https://letterboxd.com/film/los-troperos/,ok,9
https://letterboxd.com/film/love-is-a-fat-woman/,ok,14
https://letterboxd.com/film/lovely-loneliness/,ok,17
https://letterboxd.com/film/loving-maradona/,ok,1
https://letterboxd.com/film/luca/,ok,1
https://letterboxd.com/film/lujan/,ok,4
https://letterboxd.com/film/lulu-2014/,ok,3
https://letterboxd.com/film/luminum/,ok,4
https://letterboxd.com/film/luna-2017-3/,ok,0
https://letterboxd.com/film/m-2007-1/,ok,0
https://letterboxd.com/film/madame-bovary-1947/,ok,17
https://letterboxd.com/film/made-in-argentina/,ok,20
https://letterboxd.com/film/mama-querida/,ok,6
https://letterboxd.com/film/man-facing-southeast/,ok,22
https://letterboxd.com/film/man-on-pink-corner/,ok,28
https://letterboxd.com/film/manana-me-suicido/,ok,22
https://letterboxd.com/film/margarita-armando-y-su-padre/,ok,20
https://letterboxd.com/film/margotita/,ok,2
https://letterboxd.com/film/mario-on-tour/,ok,7
https://letterboxd.com/film/marriage-in-buenos-aires/,ok,12
https://letterboxd.com/film/martin-hache/,ok,28
https://letterboxd.com/film/martin-hache/,ok,28
https://letterboxd.com/film/masterworks-of-terror/,ok,20
https://letterboxd.com/film/matrimonio-a-la-argentina/,ok,9
https://letterboxd.com/film/mburucuya-portraits-of-nature/,ok,3
https://letterboxd.com/film/medio-millon-por-una-mujer/,ok,8
https://letterboxd.com/film/memorias-de-borges/,ok,2
https://letterboxd.com/film/mi-alazan-tostao/,ok,5
https://letterboxd.com/film/mi-amor-eres-tu/,ok,8
https://letterboxd.com/film/mi-mujer-esta-loca/,ok,13
https://letterboxd.com/film/mingo-y-anibal-contra-los-fantasmas/,ok,23
https://letterboxd.com/film/mirad-los-lirios-del-campo/,ok,18
https://letterboxd.com/film/mision-comando/,ok,21
https://letterboxd.com/film/modern-crimes/,ok,10
https://letterboxd.com/film/moebius/,ok,66
https://letterboxd.com/film/mondays-child/,ok,6
https://letterboxd.com/film/muchachas-que-estudian/,ok,16
https://letterboxd.com/film/muchachos-de-la-ciudad/,ok,10
https://letterboxd.com/film/mujer-sin-n-destino/,ok,3
https://letterboxd.com/film/murder-in-the-senate/,ok,28
https://letterboxd.com/film/music-on-hold/,ok,11
https://letterboxd.com/film/my-husband-and-my-boyfriend/,ok,15
https://letterboxd.com/film/nace-la-libertad/,ok,23
https://letterboxd.com/film/nace-un-amor/,ok,10
https://letterboxd.com/film/nahir-2024/,ok,34
https://letterboxd.com/film/narcisa-2014/,ok,3
https://letterboxd.com/film/natalia-natalia/,ok,8
https://letterboxd.com/film/navidad/,ok,2
https://letterboxd.com/film/navidad-de-los-pobres/,ok,14
https://letterboxd.com/film/never-open-that-door/,ok,17
https://letterboxd.com/film/ni-un-hombre-mas/,ok,8
https://letterboxd.com/film/night-of-the-pencils/,ok,74
https://letterboxd.com/film/nights-without-moons-and-suns/,ok,14
https://letterboxd.com/film/nine-queens/,ok,30
https://letterboxd.com/film/nitrate-flames/,ok,6
https://letterboxd.com/film/nk/,ok,1
https://letterboxd.com/film/noche-americana/,ok,5
https://letterboxd.com/film/noche-de-ronda/,ok,27
https://letterboxd.com/film/noche-terrible/,ok,10
https://letterboxd.com/film/nocturna-side-b-where-the-elephants-go-to-die/,ok,8
https://letterboxd.com/film/nocturna-the-great-old-mans-night/,ok,10
https://letterboxd.com/film/noh/,ok,4
https://letterboxd.com/film/nos-habiamos-ratoneado-tanto/,ok,12
https://letterboxd.com/film/ocho-anos-despues/,ok,2
https://letterboxd.com/film/ocio/,ok,6
https://letterboxd.com/film/off-the-map-2013/,ok,7
https://letterboxd.com/film/on-the-know/,ok,0
https://letterboxd.com/film/on-tuesdays-orchids/,ok,15
https://letterboxd.com/film/once-upon-a-tractor/,ok,9
https://letterboxd.com/film/one-hundred-paths-suarez-second-part/,ok,5
https://letterboxd.com/film/one-or-the-other-2004/,ok,8
https://letterboxd.com/film/operacion-fangio/,ok,7
https://letterboxd.com/film/operacion-masacre/,ok,29
https://letterboxd.com/film/opus-2005-1/,ok,1
https://letterboxd.com/film/orden-de-matar/,ok,27
https://letterboxd.com/film/oro-en-la-mano/,ok,6
https://letterboxd.com/film/ostende/,ok,8
https://letterboxd.com/film/otra-esperanza/,ok,15
https://letterboxd.com/film/out-of-salamanca-a-journey-to-the-chacarera/,ok,6
https://letterboxd.com/film/outside-the-law-1937/,ok,17
https://letterboxd.com/film/paco/,ok,19
https://letterboxd.com/film/pajarito-gomez/,ok,27
https://letterboxd.com/film/papa-tiene-novia/,ok,11
https://letterboxd.com/film/papeles-en-el-viento/,ok,38
https://letterboxd.com/film/parador-retiro/,ok,0
https://letterboxd.com/film/paso-en-mi-barrio/,ok,15
https://letterboxd.com/film/patoruzito/,ok,8
https://letterboxd.com/film/paula-cautiva/,ok,8
https://letterboxd.com/film/paula-contra-la-mitad-mas-uno/,ok,46
https://letterboxd.com/film/payaso-1952/,ok,12
https://letterboxd.com/film/film:774251/,ok,2
https://letterboxd.com/film/peculiar-attraction/,ok,14
https://letterboxd.com/film/peluqueria-de-senoras/,ok,29
https://letterboxd.com/film/perdido-por-perdido/,ok,12
https://letterboxd.com/film/perdon-viejita/,ok,7
https://letterboxd.com/film/phase-7/,ok,30
https://letterboxd.com/film/piedra-libre/,ok,15
https://letterboxd.com/film/pistas-para-volver-a-casa/,ok,9
https://letterboxd.com/film/poker-de-amantes/,ok,4
https://letterboxd.com/film/por-cuatro-dias-locos/,ok,10
https://letterboxd.com/film/por-ellos-todo/,ok,8
https://letterboxd.com/film/por-los-senderos-del-libertador/,ok,4
https://letterboxd.com/film/principe-azul/,ok,5
https://letterboxd.com/film/prisioneros-de-una-noche/,ok,21
https://letterboxd.com/film/prisoners-of-the-land/,ok,11
https://letterboxd.com/film/private-lives-2001/,ok,7
https://letterboxd.com/film/proxima-salida/,ok,12
https://letterboxd.com/film/psique-y-sexo/,ok,20
https://letterboxd.com/film/puan/,ok,68
https://letterboxd.com/film/punishment-to-the-traitor/,ok,8
https://letterboxd.com/film/rancho-aparte/,ok,4
https://letterboxd.com/film/ratones-paranoicos-the-band-that-rocked-argentina/,ok,4
https://letterboxd.com/film/raymundo-the-revolutionary-filmmakers-struggle/,ok,1
https://letterboxd.com/film/rebeldia-1975/,ok,14
https://letterboxd.com/film/rebellion-in-patagonia/,ok,23
https://letterboxd.com/film/regresados/,ok,10
https://letterboxd.com/film/reimon/,ok,5
https://letterboxd.com/film/reportaje-en-el-infierno/,ok,13
https://letterboxd.com/film/requiebro/,ok,10
https://letterboxd.com/film/rerum-novarum/,ok,0
https://letterboxd.com/film/rescate-de-sangre/,ok,10
https://letterboxd.com/film/resistir/,ok,1
https://letterboxd.com/film/rest-in-peace-2024/,ok,60
https://letterboxd.com/film/revancha-de-un-amigo/,ok,16
https://letterboxd.com/film/riachuelo/,ok,9
https://letterboxd.com/film/rhino-2022/,ok,12
https://letterboxd.com/film/rolling-family/,ok,29
https://letterboxd.com/film/romina-smile/,ok,22
https://letterboxd.com/film/rosa-de-lejos/,ok,12
https://letterboxd.com/film/rule-britannia/,ok,0
https://letterboxd.com/film/rumi/,ok,0
https://letterboxd.com/film/s4d3/,ok,0
https://letterboxd.com/film/salitre-1959/,ok,5
https://letterboxd.com/film/samuray-s/,ok,5
https://letterboxd.com/film/santos-vega-vuelve/,ok,14
https://letterboxd.com/film/saturday-night-cinema/,ok,30
https://letterboxd.com/film/saturdays-disorders/,ok,7
https://letterboxd.com/film/savages-2024-2/,ok,5
https://letterboxd.com/film/sean-eternxs/,ok,4
https://letterboxd.com/film/secret-wedding/,ok,5
https://letterboxd.com/film/seis-personajes-en-busca-de-un-autor/,ok,8
https://letterboxd.com/film/seven-dogs/,ok,26
https://letterboxd.com/film/shakti-2019/,ok,9
https://letterboxd.com/film/shared-apartment-1980/,ok,22
https://letterboxd.com/film/she-wolf/,ok,13
https://letterboxd.com/film/ship-of-fools-1995/,ok,5
https://letterboxd.com/film/shunko/,ok,10
https://letterboxd.com/film/sidewalls/,ok,15
https://letterboxd.com/film/siempre-es-dificil-volver-a-casa/,ok,12
https://letterboxd.com/film/siete-mujeres-1944/,ok,14
https://letterboxd.com/film/six-tickets-to-hell/,ok,8
https://letterboxd.com/film/sleepwalker-1998/,ok,24
https://letterboxd.com/film/smog-in-your-heart/,ok,5
https://letterboxd.com/film/sobre-la-tierra/,ok,14
https://letterboxd.com/film/sol-de-primavera/,ok,10
https://letterboxd.com/film/someone-in-the-world-thinks-of-me/,ok,1
https://letterboxd.com/film/sourdeaux-16-suicidal-tender/,ok,6
https://letterboxd.com/film/soy-del-tiempo-de-gardel/,ok,16
https://letterboxd.com/film/standard/,ok,14
https://letterboxd.com/film/stick-and-bone/,ok,6
https://letterboxd.com/film/story-of-a-rope/,ok,41
https://letterboxd.com/film/strangers-in-the-night-2012/,ok,21
https://letterboxd.com/film/suburbio/,ok,26
https://letterboxd.com/film/sunset-boulevards/,ok,0
https://letterboxd.com/film/sunstrokes/,ok,6
https://letterboxd.com/film/surviving-the-70s/,ok,6
https://letterboxd.com/film/sweet-money/,ok,24
https://letterboxd.com/film/taekwondo-2016/,ok,16
https://letterboxd.com/film/tango-bar/,ok,14
https://letterboxd.com/film/tango-in-paris-memories-of-astor-piazzolla/,ok,10
https://letterboxd.com/film/taxi-an-encounter/,ok,9
https://letterboxd.com/film/tenemos-un-problema-ernesto/,ok,36
https://letterboxd.com/film/terminal-young/,ok,15
https://letterboxd.com/film/testigos-en-cadena/,ok,5
https://letterboxd.com/film/that-forward-center-dies-at-dawn/,ok,15
https://letterboxd.com/film/thats-not-cheating/,ok,57
https://letterboxd.com/film/the-act-in-question/,ok,10
https://letterboxd.com/film/the-aerial/,ok,26
https://letterboxd.com/film/the-armchair-and-the-grand-duchess/,ok,17
https://letterboxd.com/film/the-arrangement-1983-1/,ok,26
https://letterboxd.com/film/the-astronaut-lovers/,ok,15
https://letterboxd.com/film/the-attachment-diaries/,ok,9
https://letterboxd.com/film/the-bad-life/,ok,62
https://letterboxd.com/film/the-bad-twins-travelers/,ok,0
https://letterboxd.com/film/the-beast-man/,ok,12
https://letterboxd.com/film/the-beast-must-die-1952/,ok,20
https://letterboxd.com/film/the-blonde-on-the-road/,ok,11
https://letterboxd.com/film/the-blonds/,ok,5
https://letterboxd.com/film/the-cat-1947/,ok,10
https://letterboxd.com/film/the-cat-vanishes/,ok,26
https://letterboxd.com/film/the-clover-sect/,ok,16
https://letterboxd.com/film/the-dead-man/,ok,19
https://letterboxd.com/film/the-delinquents-2023/,ok,26
https://letterboxd.com/film/the-dependent/,ok,9
https://letterboxd.com/film/the-disobedients/,ok,8
https://letterboxd.com/film/the-eavesdropper-1966/,ok,16
https://letterboxd.com/film/the-end-of-the-world-3/,ok,3
https://letterboxd.com/film/the-exchange-2023-1/,ok,3
https://letterboxd.com/film/the-faculties/,ok,5
https://letterboxd.com/film/the-foreigner-2009/,ok,4
https://letterboxd.com/film/the-front-path/,ok,3
https://letterboxd.com/film/the-furies-1960/,ok,7
https://letterboxd.com/film/the-gaucho-war/,ok,20
https://letterboxd.com/film/the-german-doctor/,ok,28
https://letterboxd.com/film/the-girl-from-the-south/,ok,2
https://letterboxd.com/film/the-grand-house/,ok,37
https://letterboxd.com/film/the-headless-woman/,ok,25
https://letterboxd.com/film/the-heavy-hand-of-the-law/,ok,10
https://letterboxd.com/film/the-hole-in-the-wall-1982/,ok,11
https://letterboxd.com/film/the-honorable-tenant/,ok,16
https://letterboxd.com/film/the-house-is-empty/,ok,14
https://letterboxd.com/film/the-human-surge-3/,ok,6
https://letterboxd.com/film/the-idea-of-a-lake/,ok,5
https://letterboxd.com/film/the-inheritance-1964/,ok,9
https://letterboxd.com/film/the-innocents-2015/,ok,8
https://letterboxd.com/film/the-intruder-2020/,ok,7
https://letterboxd.com/film/the-jar/,ok,3
https://letterboxd.com/film/the-journey-1992/,ok,26
https://letterboxd.com/film/the-lady-is-back/,ok,10
https://letterboxd.com/film/the-lady-of-the-camelias/,ok,11
https://letterboxd.com/film/the-last-heretic/,ok,21
https://letterboxd.com/film/the-long-night-of-francisco-sanctis/,ok,9
https://letterboxd.com/film/the-lost-brother/,ok,15
https://letterboxd.com/film/the-lunchroom/,ok,23
https://letterboxd.com/film/the-man-who-loved-ufos/,ok,46
https://letterboxd.com/film/the-method/,ok,8
https://letterboxd.com/film/the-miu-miu-affair/,ok,8
https://letterboxd.com/film/the-moon-represents-my-heart/,ok,0
https://letterboxd.com/film/the-mugger-2007/,ok,6
https://letterboxd.com/film/the-mysterious-uncle-silas/,ok,17
https://letterboxd.com/film/the-official-story/,ok,53
https://letterboxd.com/film/the-old-skinflint/,ok,13
https://letterboxd.com/film/the-other-trade/,ok,5
https://letterboxd.com/film/the-owners/,ok,13
https://letterboxd.com/film/the-paradise-2022/,ok,11
https://letterboxd.com/film/the-power-of-darkness/,ok,19
https://letterboxd.com/film/the-practice/,ok,23
https://letterboxd.com/film/the-quietude/,ok,22
https://letterboxd.com/film/the-rati-horror-show/,ok,5
https://letterboxd.com/film/the-returned-2019/,ok,20
https://letterboxd.com/film/the-road-to-san-diego/,ok,16
https://letterboxd.com/film/the-seven-madmen/,ok,10
https://letterboxd.com/film/the-shape-of-the-woods/,ok,6
https://letterboxd.com/film/the-shore-that-falls/,ok,0
https://letterboxd.com/film/the-signal-2007/,ok,11
https://letterboxd.com/film/the-slowness/,ok,13
https://letterboxd.com/film/the-strange-case-of-the-man-and-the-beast/,ok,12
https://letterboxd.com/film/the-student/,ok,37
https://letterboxd.com/film/the-third-side-of-the-river/,ok,38
https://letterboxd.com/film/the-tree-tuner/,ok,6
https://letterboxd.com/film/the-trial-2023/,ok,18
https://letterboxd.com/film/the-underground-man/,ok,17
https://letterboxd.com/film/the-urgency-of-death/,ok,11
https://letterboxd.com/film/the-vampire-spider/,ok,7
https://letterboxd.com/film/the-wick-2003/,ok,6
https://letterboxd.com/film/the-window-2009-1/,ok,5
https://letterboxd.com/film/there-are-not-thirty-six-ways-of-showing-a-man-getting-on-a-horse/,ok,0
https://letterboxd.com/film/thesis-on-a-homicide/,ok,40
https://letterboxd.com/film/those-who-will-see-god/,ok,15
https://letterboxd.com/film/three-men-of-the-river/,ok,10
https://letterboxd.com/film/tiger-head/,ok,13
https://letterboxd.com/film/time-for-revenge/,ok,28
https://letterboxd.com/film/film:488919/,ok,1
https://letterboxd.com/film/todo-sol-es-amargo/,ok,17
https://letterboxd.com/film/transmitzvah/,ok,46
https://letterboxd.com/film/tras-la-pantalla/,ok,1
https://letterboxd.com/film/trenque-lauquen/,ok,27
https://letterboxd.com/film/trenque-lauquen/,ok,27
https://letterboxd.com/film/trolos-sordos-y-locas/,ok,8
https://letterboxd.com/film/turbion/,ok,26
https://letterboxd.com/film/two-on-the-pavement/,ok,2
https://letterboxd.com/film/ufa-con-el-sexo/,ok,25
https://letterboxd.com/film/un-bebe-de-paris/,ok,12
https://letterboxd.com/film/un-beso-en-la-nuca/,ok,9
https://letterboxd.com/film/un-guapo-del-900-1971/,ok,14
https://letterboxd.com/film/un-hombre-solo-no-vale-nada/,ok,10
https://letterboxd.com/film/un-lugar-al-sol/,ok,5
https://letterboxd.com/film/un-sueno-recurrente/,ok,5
https://letterboxd.com/film/una-flor-para-las-tumbas-sin-nombre/,ok,36
https://letterboxd.com/film/una-jirafa-en-el-balcon/,ok,9
https://letterboxd.com/film/una-viuda-casi-alegre/,ok,12
https://letterboxd.com/film/undefined-things/,ok,7
https://letterboxd.com/film/unidad-xv/,ok,5
https://letterboxd.com/film/unpredictable-guy/,ok,22
https://letterboxd.com/film/untitled-letter-to-serra/,ok,4
https://letterboxd.com/film/valentin/,ok,11
https://letterboxd.com/film/valentina-1950/,ok,20
https://letterboxd.com/film/vendado-y-frio/,ok,18
https://letterboxd.com/film/venido-a-menos/,ok,12
https://letterboxd.com/film/verdades-verdaderas-la-vida-de-estela/,ok,4
https://letterboxd.com/film/vidrios/,ok,14
https://letterboxd.com/film/viejo-reales-long-journey-to-death/,ok,1
https://letterboxd.com/film/villa-delicia-playa-de-estacionamiento-musica-ambiental/,ok,9
https://letterboxd.com/film/vivir-mata/,ok,10
https://letterboxd.com/film/volley/,ok,6
https://letterboxd.com/film/vrindavana/,ok,0
https://letterboxd.com/film/waiting-for-the-messiah/,ok,8
https://letterboxd.com/film/were-no-animals/,ok,18
https://letterboxd.com/film/weak-rangers/,ok,8
https://letterboxd.com/film/whats-autumn/,ok,17
https://letterboxd.com/film/when-evil-lurks/,ok,23
https://letterboxd.com/film/when-my-husband-kisses/,ok,13
https://letterboxd.com/film/wind-with-the-gone/,ok,9
https://letterboxd.com/film/y-que-patatin-y-que-patatan/,ok,5
https://letterboxd.com/film/yesterdays-guys-used-no-arsenic/,ok,6
https://letterboxd.com/film/yo-quiero-morir-contigo/,ok,14
https://letterboxd.com/film/zapada-una-comedia-beat/,ok,5
https://letterboxd.com/film/live-in-maid/,ok,5
https://letterboxd.com/film/a-year-without-love/,ok,15
https://letterboxd.com/film/i-married-a-dumbass/,ok,44
https://letterboxd.com/film/errata-2014/,ok,8
https://letterboxd.com/film/esteros/,ok,10
https://letterboxd.com/film/only-child-2016/,ok,8
https://letterboxd.com/film/the-terrace-1963/,ok,22
https://letterboxd.com/film/fermin-glorias-of-tango/,ok,14
https://letterboxd.com/film/anuncian-sismos/,ok,0
https://letterboxd.com/film/los-insomnes/,ok,16
https://letterboxd.com/film/los-jovenes-muertos/,ok,0
https://letterboxd.com/film/corazon-de-fabrica/,ok,0
https://letterboxd.com/film/first-january/,ok,3
https://letterboxd.com/film/kid-head/,ok,30
https://letterboxd.com/film/the-knight-of-the-sword/,ok,29
https://letterboxd.com/film/the-hand-in-the-trap/,ok,21
https://letterboxd.com/film/painted-lips/,ok,22
https://letterboxd.com/film/the-kidnapper/,ok,22
https://letterboxd.com/film/1986-la-historia-detras-de-la-copa/,ok,7
https://letterboxd.com/film/funny-dirty-little-war/,ok,25
https://letterboxd.com/film/ni-un-pibe-menos/,ok,0
https://letterboxd.com/film/the-widows-of-thursdays/,ok,38
https://letterboxd.com/film/kill-the-jockey/,ok,48
https://letterboxd.com/film/the-beach-of-love/,ok,25
https://letterboxd.com/film/candido-lopez-los-campos-de-batalla/,ok,0
https://letterboxd.com/film/the-professional-2016/,ok,1
https://letterboxd.com/film/mum-mum-mum/,ok,10
https://letterboxd.com/film/green-waters/,ok,9
https://letterboxd.com/film/la-quimera-de-los-heroes/,ok,1
https://letterboxd.com/film/labios-de-churrasco/,ok,5
https://letterboxd.com/film/a-concrete-cinema/,ok,4
https://letterboxd.com/film/the-islanders-1951/,ok,20
https://letterboxd.com/film/moreno-2013/,ok,0
https://letterboxd.com/film/el-solteron/,ok,12
https://letterboxd.com/film/la-ilusion-de-noemi/,ok,5
https://letterboxd.com/film/la-guerra-la-gano-yo/,ok,13
https://letterboxd.com/film/im-gilda/,ok,13
https://letterboxd.com/film/nazareno-cruz-and-the-wolf/,ok,12
https://letterboxd.com/film/the-human-surge/,ok,7
https://letterboxd.com/film/simon-of-the-mountain/,ok,39
https://letterboxd.com/film/triangle-of-four/,ok,20
https://letterboxd.com/film/a-day-in-paradise/,ok,31
https://letterboxd.com/film/vacaciones-en-el-otro-mundo/,ok,9
https://letterboxd.com/film/el-derecho-de-gozar/,ok,20
https://letterboxd.com/film/swedish-cousin/,ok,3
https://letterboxd.com/film/a-mothers-embrace/,ok,19
https://letterboxd.com/film/history-of-the-occult/,ok,27
https://letterboxd.com/film/northeast-2005/,ok,5
https://letterboxd.com/film/packing-heavy/,ok,16
https://letterboxd.com/film/los-drogadictos/,ok,31
https://letterboxd.com/film/el-ausente/,ok,4
https://letterboxd.com/film/miss-mary/,ok,36
https://letterboxd.com/film/los-verdes-paraisos/,ok,12
https://letterboxd.com/film/por-que-mintio-la-ciguena/,ok,12
https://letterboxd.com/film/safo-historia-de-una-pasion/,ok,13
https://letterboxd.com/film/are-we/,ok,9
https://letterboxd.com/film/black-ermine/,ok,11
https://letterboxd.com/film/the-naked-angel/,ok,14
https://letterboxd.com/film/swan-song-1945/,ok,12
https://letterboxd.com/film/spring-bride/,ok,15
https://letterboxd.com/film/la-pequena-senora-de-perez/,ok,16
https://letterboxd.com/film/la-muerte-camina-en-la-lluvia/,ok,17
https://letterboxd.com/film/la-senora-de-perez-se-divorcia/,ok,14
https://letterboxd.com/film/las-seis-suegras-de-barba-azul/,ok,29
https://letterboxd.com/film/buenos-aires-i/,ok,4
https://letterboxd.com/film/buenos-aires-ii/,ok,3
https://letterboxd.com/film/buenos-aires-iii/,ok,2
https://letterboxd.com/film/retrato-de-jorge-lavelli/,ok,1
https://letterboxd.com/film/retrato-de-juan-jose-saer/,ok,1
https://letterboxd.com/film/the-brotherhood-2019-1/,ok,0
https://letterboxd.com/film/letter-to-a-father/,ok,0
https://letterboxd.com/film/duet-2023-1/,ok,2
https://letterboxd.com/film/medium/,ok,0
https://letterboxd.com/film/nocturnos-2011/,ok,8
https://letterboxd.com/film/tierra-ii/,ok,5
https://letterboxd.com/film/por-que-te-vas-1/,ok,8
https://letterboxd.com/film/the-things-where-they-no-longer-were/,ok,7
https://letterboxd.com/film/martin-garcia//,ok,8
https://letterboxd.com/film/how-to-cheat-in-an-exam/,ok,13
https://letterboxd.com/film/las-cuatro-y-media/,ok,6
https://letterboxd.com/film/canela-2020/,ok,1
https://letterboxd.com/film/callcenter/,ok,11
https://letterboxd.com/film/antigua-vida-mia/,ok,10
https://letterboxd.com/film/florianopolis-dream/,ok,9
https://letterboxd.com/film/murder-me-monster/,ok,9
https://letterboxd.com/film/this-is-not-a-coup-2018/,ok,1
https://letterboxd.com/film/kombit-2015/,ok,3
https://letterboxd.com/film/no-salgas/,ok,13
https://letterboxd.com/film/apuntes-para-una-biografia-imaginaria/,ok,3
https://letterboxd.com/film/el-cinco/,ok,48
https://letterboxd.com/film/autumn-sun/,ok,21
https://letterboxd.com/film/an-argentinian-in-new-york/,ok,32
https://letterboxd.com/film/our-happiest-days/,ok,5
https://letterboxd.com/film/bernarda-is-the-homeland/,ok,2
https://letterboxd.com/film/the-inevitable/,ok,5
https://letterboxd.com/film/the-funeral-home/,ok,9
https://letterboxd.com/film/bruja/,ok,30
https://letterboxd.com/film/salir-de-puta/,ok,0
https://letterboxd.com/film/the-heist-of-the-century/,ok,26
https://letterboxd.com/film/partida-2023/,ok,9
https://letterboxd.com/film/the-winter-comes-after-autumn/,ok,2
https://letterboxd.com/film/toxic-2020/,ok,12
https://letterboxd.com/film/cromanon-el-documental/,ok,1
https://letterboxd.com/film/los-perros-2/,ok,0
https://letterboxd.com/film/sabado-del-pecado/,ok,4
https://letterboxd.com/film/argentina-1983/,ok,0
https://letterboxd.com/film/the-tangalanga-method/,ok,12
https://letterboxd.com/film/desire-2017/,ok,8
https://letterboxd.com/film/the-teacher-2020/,ok,13
https://letterboxd.com/film/the-clowns-2019/,ok,21
https://letterboxd.com/film/camila-comes-out-tonight/,ok,15
https://letterboxd.com/film/finde-2021/,ok,8
https://letterboxd.com/film/causality/,ok,13
https://letterboxd.com/film/the-fall-of-the-queens/crew/,ok,6
https://letterboxd.com/film/siesta-2005/,ok,1
https://letterboxd.com/film/el-fin-de-la-noche/,ok,28
https://letterboxd.com/film/eclipse-de-sol/,ok,17
https://letterboxd.com/film/el-juego-del-amor-y-del-azar/,ok,8
https://letterboxd.com/film/la-suerte-llama-tres-veces/,ok,21
https://letterboxd.com/film/palermo/,ok,13
https://letterboxd.com/film/el-ultimo-perro/,ok,31
https://letterboxd.com/film/tute-cabrero/,ok,14
https://letterboxd.com/film/north-terminal/,ok,10
https://letterboxd.com/film/film:791090/,ok,14
https://letterboxd.com/film/si-callan-gritaran-las-piedras/,ok,0
https://letterboxd.com/film/vida-nocturna/,ok,27
https://letterboxd.com/film/juan-lamaglia-y-sra/,ok,16
https://letterboxd.com/film/peluca-y-marisita/,ok,5
https://letterboxd.com/film/back-to-stay/,ok,15
https://letterboxd.com/film/josef-mengele-the-angel-of-death/,ok,0
https://letterboxd.com/film/sex-and-revolution/,ok,0
https://letterboxd.com/film/memorias-de-cortazar/,ok,0
https://letterboxd.com/film/maria-elena-walsh-postal-detenida/,ok,5
https://letterboxd.com/film/empty-nest/,ok,14
https://letterboxd.com/film/alejandra-2013/,ok,5
https://letterboxd.com/film/life-in-the-dark/,ok,1
https://letterboxd.com/film/the-uninvited-2022/,ok,11
https://letterboxd.com/film/the-substitute-2022/,ok,10
https://letterboxd.com/film/an-argentinian-crime,ok,10
https://letterboxd.com/film/las-rojas/,ok,6
https://letterboxd.com/film/portraits-1974/,ok,0
https://letterboxd.com/film/red-sky-metal-giants/,ok,24
https://letterboxd.com/film/continuara/,ok,13
https://letterboxd.com/film/cenizas-y-diamantes-la-pelicula-de-don-cornelio-y-la-zona/,ok,5
https://letterboxd.com/film/the-hidden-sound-of-tango/,ok,5
https://letterboxd.com/film/days-of-vinyl/,ok,69
https://letterboxd.com/film/el-dorado-2021/,ok,2
https://letterboxd.com/film/la-estancia-del-gaucho-cruz/,ok,14
https://letterboxd.com/film/its-not-you-its-me/,ok,15
https://letterboxd.com/film/tango-un-giro-extrano/,ok,6
https://letterboxd.com/film/low-tide-2013-1/,ok,3
https://letterboxd.com/film/hermanas/,ok,22
https://letterboxd.com/film/blue-lights/,ok,13
https://letterboxd.com/film/20000-kisses/,ok,27
https://letterboxd.com/film/a-stray-girlfriend/,ok,9
https://letterboxd.com/film/amateur-2011/,ok,10
https://letterboxd.com/film/atlas-2021-2/,ok,0
https://letterboxd.com/film/marianela-1955/,ok,12
https://letterboxd.com/film/las-bestias/,ok,3
https://letterboxd.com/film/family-members/,ok,7
https://letterboxd.com/film/kryptonita/,ok,32
https://letterboxd.com/film/relampago-en-la-oscuridad/,ok,10
https://letterboxd.com/film/chubut-libertad-y-tierra/,ok,0
https://letterboxd.com/film/women-on-the-edge-2023/,ok,18
https://letterboxd.com/film/los-turistas-una-temporada-en-el-infierno/,ok,10
https://letterboxd.com/film/los-neuroticos/,ok,16
https://letterboxd.com/film/musical-chairs-2003/,ok,7
https://letterboxd.com/film/our-way-to-the-sea/,ok,5
https://letterboxd.com/film/someone-is-watching-you/,ok,13
https://letterboxd.com/film/the-regal-lemon-tree/,ok,3
https://letterboxd.com/film/debt-2004/,ok,4
https://letterboxd.com/film/buen-viaje/,ok,45
https://letterboxd.com/film/natural-sciences/,ok,6
https://letterboxd.com/film/la-caracas/,ok,0
https://letterboxd.com/film/anteojito-and-antifaz-a-thousand-attempts-and-one-invention/,ok,2
https://letterboxd.com/film/mirando-al-cielo-2016/,ok,2
https://letterboxd.com/film/no-sabe-no-contesta/,ok,10
https://letterboxd.com/film/before-opening-night/,ok,7
https://letterboxd.com/film/norma-2023/,ok,29
https://letterboxd.com/film/the-girlfriend-1988/,ok,34
https://letterboxd.com/film/southern-storm/,ok,6
https://letterboxd.com/film/tango-our-dance/,ok,26
https://letterboxd.com/film/no-va-mas/,ok,1
https://letterboxd.com/film/upa-an-argentinian-movie/,ok,11
https://letterboxd.com/film/bajo-superficie/,ok,0
https://letterboxd.com/film/cheese-head/,ok,27
https://letterboxd.com/film/to-return/,ok,11
https://letterboxd.com/film/fulmine/,ok,15
https://letterboxd.com/film/lejano-interior/,ok,3
https://letterboxd.com/film/again-once-again/,ok,7
https://letterboxd.com/film/viola/,ok,13
https://letterboxd.com/film/inseparables-2016/,ok,46
https://letterboxd.com/film/the-magic-gloves/,ok,17
https://letterboxd.com/film/two-shots-fired/,ok,28
https://letterboxd.com/film/valentina-the-movie/,ok,7
https://letterboxd.com/film/silvia-prieto/,ok,27
https://letterboxd.com/film/rapado/,ok,27
https://letterboxd.com/film/sos-ex/,ok,4
https://letterboxd.com/film/detective-de-senoras/,ok,0
https://letterboxd.com/film/moon-of-avellaneda/,ok,67
https://letterboxd.com/film/koblic/,ok,18
https://letterboxd.com/film/family-album-2023/,ok,24
https://letterboxd.com/film/yesterday-was-spring/,ok,18
https://letterboxd.com/film/the-rescue-the-weight-of-the-world/,ok,27
https://letterboxd.com/film/plan-b-2009/,ok,8
https://letterboxd.com/film/absent-2011/,ok,15
https://letterboxd.com/film/las-barras-bravas/,ok,15
https://letterboxd.com/film/el-dia-que-cambio-la-historia/,ok,8
https://letterboxd.com/film/luciferina/,ok,20
https://letterboxd.com/film/the-bitter-stems/,ok,15
https://letterboxd.com/film/the-holy-girl/,ok,41
https://letterboxd.com/film/a-dios/,ok,0
https://letterboxd.com/film/pimienta/,ok,28
https://letterboxd.com/film/los-visionadores/,ok,14
https://letterboxd.com/film/buenos-aires-verano-1912/,ok,21
https://letterboxd.com/film/mujeres-perdidas/,ok,15
https://letterboxd.com/film/la-expresion-del-deseo/,ok,15
https://letterboxd.com/film/busco-un-marido-para-mi-mujer/,ok,6
https://letterboxd.com/film/this-life-of-yours/,ok,5
https://letterboxd.com/film/la-intimidad/,ok,6
https://letterboxd.com/film/el-asadito/,ok,8
https://letterboxd.com/film/el-cumple/,ok,6
https://letterboxd.com/film/flesh-on-flesh/,ok,9
https://letterboxd.com/film/the-siamese-bond/,ok,7
https://letterboxd.com/film/la-orquidea-1951/,ok,24
https://letterboxd.com/film/surcos-de-sangre/,ok,15
https://letterboxd.com/film/rosita-2018/,ok,9
https://letterboxd.com/film/tie-your-plow-to-a-star/,ok,5
https://letterboxd.com/film/do-u-cry-4-me-argentina/,ok,4
https://letterboxd.com/film/the-fucking-liars/,ok,4
https://letterboxd.com/film/dumbo-04/,ok,8
https://letterboxd.com/film/la-vuelta-al-campo/,ok,0
https://letterboxd.com/film/a-common-crime/,ok,14
https://letterboxd.com/film/familia-2019/,ok,4
https://letterboxd.com/film/una-mujer-en-el-bosque/,ok,2
https://letterboxd.com/film/los-taitas/,ok,0
https://letterboxd.com/film/the-aura/,ok,25
https://letterboxd.com/film/ludmila-en-cuba/,ok,1
https://letterboxd.com/film/what-will-summer-bring/,ok,0
https://letterboxd.com/film/fontana-la-frontera-interior/,ok,6
https://letterboxd.com/film/despues-de-sarmiento/,ok,0
https://letterboxd.com/film/the-parties/,ok,16
https://letterboxd.com/film/a-provincial-town/,ok,0
https://letterboxd.com/film/me-gusta-cuando-hablas/,ok,0
https://letterboxd.com/film/invasion-1969/,ok,20
https://letterboxd.com/film/the-others-1974/,ok,13
https://letterboxd.com/film/the-sky-of-the-centaur/,ok,9
https://letterboxd.com/film/the-sidewalks-of-saturn/,ok,22
https://letterboxd.com/film/sara-mendez/,ok,5
https://letterboxd.com/film/solo-un-angel/,ok,11
https://letterboxd.com/film/the-use-of-a-magazine-rack/,ok,2
https://letterboxd.com/film/la-hora-de-maria-y-el-pajaro-de-oro/,ok,16
https://letterboxd.com/film/la-comedia-inmortal/,ok,26
https://letterboxd.com/film/hermanitos-del-fin-del-mundo/,ok,54
https://letterboxd.com/film/de-noche-tambien-se-duerme/,ok,17
https://letterboxd.com/film/love-never-dies-1955/,ok,24
https://letterboxd.com/film/our-own-shadow/,ok,7
https://letterboxd.com/film/above-the-clouds-2022-1/,ok,5
https://letterboxd.com/film/los-dias-de-junio/,ok,15
https://letterboxd.com/film/the-ruffian/,ok,27
https://letterboxd.com/film/swift-1971/,ok,0
https://letterboxd.com/film/todo-el-ano-es-navidad-1960/,ok,24
https://letterboxd.com/film/gombrowicz-or-seduction-represented-by-his-disciples/,ok,5
https://letterboxd.com/film/cursed-bastards/,ok,24
https://letterboxd.com/film/repita-con-nosotros-el-siguiente-ejercicio/,ok,5
https://letterboxd.com/film/tres-fabulas-de-villa-ocampo/,ok,0
https://letterboxd.com/film/the-plague/,ok,16
https://letterboxd.com/film/opinaron/,ok,2
https://letterboxd.com/film/horseplay-2022/,ok,24
https://letterboxd.com/film/azor/,ok,21
https://letterboxd.com/film/torino/,ok,0
https://letterboxd.com/film/retrato-incompleto-de-la-cancion-infinita/,ok,1
https://letterboxd.com/film/hypersomnia/,ok,18
https://letterboxd.com/film/ski/,ok,13
https://letterboxd.com/film/la-familia-unida-esperando-la-llegada-de-hallewyn/,ok,14
https://letterboxd.com/film/beto-nervio-contra-el-poder-de-las-tinieblas/,ok,12
https://letterboxd.com/film/ellipsis-or-waiting-for-barbarians/,ok,5
https://letterboxd.com/film/dama-de-compania/,ok,12
https://letterboxd.com/film/la-calle-del-pecado/,ok,24
https://letterboxd.com/film/por-buen-camino/,ok,8
https://letterboxd.com/film/el-cabo-rivero/,ok,17
https://letterboxd.com/film/the-kid-2015/,ok,7
https://letterboxd.com/film/puentes/,ok,5
https://letterboxd.com/film/axiomas/,ok,7
https://letterboxd.com/film/mercano-the-martian/,ok,25
https://letterboxd.com/film/de-lo-que-no-hay/,ok,9
https://letterboxd.com/film/diarios-patagonicos-1/,ok,0
https://letterboxd.com/film/come-out/,ok,0
https://letterboxd.com/film/el-aleph/,ok,1
https://letterboxd.com/film/testamento-y-vida-interior/,ok,13
https://letterboxd.com/film/workshop-1975-1/,ok,0
https://letterboxd.com/film/the-frogs/,ok,8
https://letterboxd.com/film/el-mito-de-narciso/,ok,6
https://letterboxd.com/film/el-amante-de-las-peliculas-mudas/,ok,8
https://letterboxd.com/film/the-color-out-of-space-2014/,ok,4
https://letterboxd.com/film/tony-2018/,ok,16
https://letterboxd.com/film/life-begins-life-ends/,ok,3
https://letterboxd.com/film/la-dialectica-tiene-sus-cositas/,ok,0
https://letterboxd.com/film/short-memory/,ok,18
https://letterboxd.com/film/silence-is-a-falling-body/,ok,4
https://letterboxd.com/film/ama-zona/,ok,0
https://letterboxd.com/film/your-life-for-peron/,ok,9
https://letterboxd.com/film/sonar-sonar/,ok,23
https://letterboxd.com/film/the-candidate-1959/,ok,11
https://letterboxd.com/film/accused-women/,ok,35
